"fid","comm_fkt","new_commun","old_commun","bio_01","bio_02","bio_03","bio_04","bio_05","bio_06","bio_07","bio_08","bio_09","bio_10","bio_11","bio_12","bio_13","bio_14","bio_15","bio_16","bio_17","bio_18","bio_19"
1,"MAROHARATRA_AMPASIMPOTSY","MAROHARATRA","MAROHARATRA",20.5828704833984,23.3335971832275,17.2190017700195,2132.55810546875,379.048248291016,56.6485481262207,70.3711013793945,1051.77429199219,192.562698364258,1007.38916015625,251.34814453125,10.0183076858521,61.812385559082,256.025207519531,28.1140537261963,11.906569480896,16.2074813842773,23.2307090759277,18.7374172210693
2,"AMBOHIMANGA DU SUD_AMBODIVOASARY","AMBOHIMANGA DU SUD","AMBOHIMANGA DU SUD",20.5541095733643,23.2737827301025,17.1453952789307,2097.1728515625,386.650512695312,57.0515937805176,73.078125,1061.95043945312,185.810607910156,1023.74267578125,226.839797973633,10.1631889343262,61.663990020752,255.500915527344,28.0648422241211,11.583251953125,16.4815883636475,23.1580677032471,18.8012771606445
3,"MAROTOKO_AMBOATROTROKA","MAROTOKO","MAROTOKO",22.2424697875977,24.9168567657471,19.0792903900146,2251.4072265625,392.656646728516,66.4048614501953,68.8053817749023,1155.958984375,234.530868530273,1034.04467773438,284.979797363281,9.16917991638184,59.5954551696777,243.398910522461,29.2546997070312,13.8690252304077,15.3856735229492,24.8863830566406,20.4572238922119
4,"MAROTOKO_MANDIAFASINA","MAROTOKO","MAROTOKO",22.13547706604,24.8037071228027,18.9999465942383,2299.34643554688,397.507934570312,67.1598739624023,67.719612121582,1173.94396972656,242.143707275391,1047.24645996094,301.881958007812,9.07891845703125,59.4583473205566,241.983627319336,29.12526512146,13.8557939529419,15.2694730758667,24.7786540985107,20.3317050933838
5,"MAROTOKO_AMBODIARA SUD","MAROTOKO","MAROTOKO",22.5788135528564,25.2424564361572,19.4760284423828,2300.09008789062,396.885070800781,71.0510787963867,67.067138671875,1174.99853515625,253.879272460938,1038.56262207031,308.886749267578,8.99922561645508,59.5703811645508,240.212921142578,29.4741554260254,14.3671998977661,15.1069555282593,25.2214069366455,20.7707843780518
6,"MAROTOKO_MANAMPANDRANA","MAROTOKO","MAROTOKO",22.4434242248535,25.1074886322021,19.3449993133545,2305.27490234375,396.393188476562,71.1034545898438,66.8755569458008,1174.46643066406,251.383850097656,1046.68359375,309.362548828125,8.98441219329834,59.4588470458984,240.160461425781,29.3660488128662,14.2556276321411,15.1104211807251,25.0810413360596,20.63205909729
7,"FASINTSARA_AMBALAPAISO","FASINTSARA","FASINTSARA",19.916296005249,22.7008743286133,16.4883327484131,2006.82116699219,362.638122558594,56.4159278869629,72.592903137207,990.827087402344,177.491943359375,971.720031738281,211.881896972656,10.2131462097168,62.1140632629395,260.010559082031,27.583812713623,11.141209602356,16.4426040649414,22.5873527526855,18.0484237670898
8,"ANALAMPASINA_ANALAVORY","ANALAMPASINA","ANALAMPASINA",20.3392467498779,23.1067943572998,16.8784008026123,1985.7138671875,373.654663085938,55.4761047363281,75.6940994262695,1014.44604492188,170.436889648438,989.408630371094,197.547424316406,10.1934461593628,61.3359603881836,259.245910644531,27.9661712646484,11.3472242355347,16.6189479827881,22.9774303436279,18.5402145385742
9,"ANDRORANGAVOLA_ANDRORANGAVOLA","ANDRORANGAVOLA","ANDRORANGAVOLA",21.788236618042,24.4626560211182,18.6135845184326,2345.48706054688,407.598327636719,65.5704879760742,68.1261749267578,1194.44030761719,238.065719604492,1079.4873046875,303.852691650391,9.13690376281738,59.798957824707,243.535995483398,28.8007431030273,13.5215520858765,15.2791919708252,24.4253616333008,19.9902191162109
10,"AMBOHIMANGA DU SUD_AMBATOFANOKONANA","AMBOHIMANGA DU SUD","AMBOHIMANGA DU SUD",20.5439052581787,23.2568016052246,17.1541309356689,2127.10864257812,389.047698974609,57.8724021911621,72.1832122802734,1073.34875488281,191.367858886719,1029.51745605469,236.252151489258,10.0139751434326,61.6194343566895,254.770706176758,27.9541759490967,11.7028017044067,16.251371383667,23.1510944366455,18.7709255218506
11,"AMBOHIMANGA DU SUD_AMBODIRAFIA","AMBOHIMANGA DU SUD","AMBOHIMANGA DU SUD",20.8757190704346,23.5808296203613,17.5247116088867,2195.87280273438,399.516967773438,58.7485275268555,71.3706359863281,1106.97082519531,200.832321166992,1051.80017089844,252.047439575195,9.85009002685547,61.489387512207,252.821014404297,28.2120342254639,12.1928873062134,16.0191459655762,23.4836730957031,19.0950908660889
12,"AMBOHIMANGA DU SUD_ANTANJONA","AMBOHIMANGA DU SUD","AMBOHIMANGA DU SUD",20.9057598114014,23.6117115020752,17.5740966796875,2242.91918945312,403.401733398438,57.3406219482422,70.0525283813477,1126.62426757812,205.563751220703,1061.74353027344,267.415405273438,9.71741390228271,61.3413734436035,251.802261352539,28.1748123168945,12.3331327438354,15.8416805267334,23.5179767608643,19.115213394165
13,"AMBOHIMANGA DU SUD_FALIARIVO","AMBOHIMANGA DU SUD","AMBOHIMANGA DU SUD",20.8870792388916,23.5937023162842,17.5549297332764,2227.49365234375,400.693572998047,58.5060501098633,70.2392425537109,1118.40490722656,205.359115600586,1055.53430175781,264.958770751953,9.70175075531006,61.4048919677734,252.168167114258,28.1550827026367,12.3553419113159,15.7997407913208,23.5074234008789,19.0912761688232
14,"MAROHARATRA_MANAKANA","MAROHARATRA","MAROHARATRA",20.4658260345459,23.2370529174805,17.0842018127441,2109.79345703125,375.332672119141,56.5664596557617,70.7929153442383,1040.01806640625,189.776138305664,1000.68994140625,244.742477416992,10.0597820281982,61.8435363769531,257.60546875,28.0592403411865,11.7927951812744,16.2664432525635,23.1320476531982,18.5999336242676
15,"AMBOHIMIERA_ANDEMAKA NORD","AMBOHIMIERA","AMBOHIMIERA",20.5555953979492,23.2552051544189,17.1683082580566,2105.66845703125,394.061065673828,57.6748199462891,74.04541015625,1077.07849121094,188.408401489258,1040.44006347656,226.176239013672,9.99396991729736,61.5043830871582,253.744812011719,27.9432258605957,11.6941013336182,16.2491245269775,23.1508636474609,18.7986183166504
16,"AMBOHIMIERA_MANARINONY","AMBOHIMIERA","AMBOHIMIERA",19.4635601043701,22.1591873168945,16.0934810638428,1984.36755371094,363.575592041016,56.5329627990723,72.1420745849609,998.006408691406,184.222137451172,974.477844238281,216.209381103516,9.55302619934082,60.9941749572754,253.290023803711,26.6005592346191,10.9397687911987,15.660792350769,22.1107006072998,17.6219997406006
17,"AMBOHIMIERA_ANTARAMBAKANA","AMBOHIMIERA","AMBOHIMIERA",20.4291763305664,23.1467895507812,17.0132083892822,2068.501953125,385.191436767578,57.6031341552734,74.1943740844727,1054.00537109375,183.264022827148,1022.87615966797,215.570861816406,10.0505619049072,61.4663734436035,255.825424194336,27.8934268951416,11.5420866012573,16.3513412475586,23.0349063873291,18.6670703887939
18,"AMBOHIMIERA_SAHALALONA","AMBOHIMIERA","AMBOHIMIERA",20.834379196167,23.5162754058838,17.4840126037598,2187.31323242188,405.007568359375,58.4414215087891,72.8057098388672,1116.32348632812,197.863037109375,1064.84802246094,242.789138793945,9.94022846221924,61.7011528015137,251.940551757812,28.1692123413086,12.0588111877441,16.1104011535645,23.4222316741943,19.0741138458252
19,"AMBOHIMIERA_ANDRORANGAVOLA","AMBOHIMIERA","AMBOHIMIERA",20.9480419158936,23.6157054901123,17.6105880737305,2198.77563476562,408.215942382812,58.0722503662109,72.9207763671875,1126.810546875,199.738922119141,1072.73376464844,248.822860717773,9.91250896453857,61.7515602111816,250.696090698242,28.2446727752686,12.1923866271973,16.0522861480713,23.5218620300293,19.1981754302979
20,"AMBOHIMIERA_VOHIMENA","AMBOHIMIERA","AMBOHIMIERA",20.9476375579834,23.6200504302979,17.63205909729,2249.27734375,417.382934570312,58.4910125732422,73.0547027587891,1158.85900878906,204.053009033203,1098.99157714844,257.623748779297,9.70119571685791,61.4714546203613,249.899627685547,28.1183681488037,12.336651802063,15.781717300415,23.5396671295166,19.1813735961914
21,"MAROTOKO_KIANJANOMBY","MAROTOKO","MAROTOKO",21.9376163482666,24.6200847625732,18.793701171875,2291.22314453125,391.952575683594,67.1641616821289,66.8556365966797,1158.32250976562,238.383911132812,1053.9521484375,300.738067626953,8.97648048400879,59.2177352905273,242.976516723633,28.9181613922119,13.7597398757935,15.1584234237671,24.5962581634521,20.116174697876
22,"MAROHARATRA_SOANIERANA","MAROHARATRA","MAROHARATRA",20.8980979919434,23.6159019470215,17.5813636779785,2202.74340820312,386.242309570312,59.8584785461426,68.5113296508789,1076.82873535156,207.444854736328,1022.86712646484,271.86572265625,9.75026988983154,61.6888275146484,252.669464111328,28.2469177246094,12.4412536621094,15.8056650161743,23.5296306610107,19.0476360321045
23,"FASINTSARA_SAHAKONDRO","FASINTSARA","FASINTSARA",20.6608219146729,23.4280185699463,17.2603588104248,2118.50048828125,387.174041748047,57.431324005127,72.3364562988281,1059.54663085938,189.22380065918,1021.94281005859,233.922058105469,10.1520109176636,61.6977233886719,257.425354003906,28.261625289917,11.8071584701538,16.4544658660889,23.311544418335,18.8462753295898
24,"FASINTSARA_MANAKANA SUD","FASINTSARA","FASINTSARA",20.458309173584,23.2113952636719,17.0818157196045,2144.8974609375,384.987701416016,58.8795433044434,70.6754379272461,1061.92907714844,195.414520263672,1021.09503173828,242.554321289062,9.9647045135498,61.4777336120605,256.149780273438,27.9542541503906,11.7456388473511,16.2086162567139,23.1062335968018,18.622106552124
25,"FASINTSARA_AMBODIARA SUD","FASINTSARA","FASINTSARA",20.6157722473145,23.3752021789551,17.2280464172363,2139.67797851562,386.269287109375,58.0136222839355,71.4911956787109,1064.95361328125,193.517715454102,1023.37445068359,241.969177246094,10.0721740722656,61.6369819641113,256.808044433594,28.181058883667,11.8399963378906,16.3410625457764,23.2693119049072,18.7896995544434
26,"AMPASINAMBO_AMPASINAMBO","AMPASINAMBO","FASINTSARA",18.2732524871826,21.0754528045654,14.7971534729004,1834.46948242188,329.732299804688,49.6985855102539,73.8084106445312,909.752319335938,156.711059570312,905.446533203125,171.486923217773,9.67626762390137,61.2356300354004,263.950042724609,25.6292972564697,9.82923221588135,15.8000640869141,21.0516262054443,15.3923196792603
27,"FASINTSARA_AMBODIVOANGY","FASINTSARA","FASINTSARA",20.4856109619141,23.2512187957764,17.0603084564209,2026.07873535156,372.946685791016,56.2739067077637,74.2474136352539,1017.28594970703,175.565048217773,991.35595703125,209.552963256836,10.3501892089844,62.1085662841797,258.478454589844,28.1996612548828,11.5350637435913,16.6645984649658,23.1277713775635,18.6753196716309
28,"FASINTSARA_AMBINANISERY","FASINTSARA","FASINTSARA",20.1435432434082,22.9065685272217,16.75465965271,2061.55883789062,367.144744873047,56.0879898071289,71.2971954345703,1014.53625488281,184.417175292969,983.108581542969,230.217056274414,10.0202808380127,62.0408058166504,257.797729492188,27.6792697906494,11.5280952453613,16.1511745452881,22.8022613525391,18.2712287902832
29,"TSARATANANA_AMBODIRAFIA EST","TSARATANANA","TSARATANANA",21.5774364471436,24.2646732330322,18.3484573364258,2381.83666992188,423.620239257812,62.7954940795898,69.3952789306641,1210.23754882812,227.074127197266,1116.40270996094,298.172973632812,9.40826034545898,60.9933166503906,246.766418457031,28.6735191345215,13.2484703063965,15.4250469207764,24.2035808563232,19.7572746276855
30,"MAROHARATRA_MALEMIAMBO","MAROHARATRA","MAROHARATRA",20.9123401641846,23.6283740997314,17.5959243774414,2201.1611328125,387.049438476562,58.9852104187012,68.8469314575195,1081.32299804688,204.714233398438,1025.78393554688,270.286224365234,9.7311429977417,61.5135459899902,252.574493408203,28.2609672546387,12.4413356781006,15.8196325302124,23.5440502166748,19.0660762786865
31,"ANDRORANGAVOLA_AMBODIFONTSINA","ANDRORANGAVOLA","ANDRORANGAVOLA",21.0166473388672,23.7272205352783,17.7835922241211,2345.36254882812,412.502075195312,62.0013084411621,68.5025634765625,1184.34692382812,224.495803833008,1101.23852539062,298.557373046875,9.04404544830322,59.3314247131348,247.792984008789,28.0683288574219,12.8251237869263,15.2432050704956,23.6823043823242,19.172269821167
32,"AMBIABE_AMBALATENINA","AMBIABE","ANDRORANGAVOLA",21.4909973144531,24.1774673461914,18.2536525726318,2303.33813476562,413.083435058594,62.0466232299805,70.5907211303711,1184.97521972656,220.956481933594,1093.98107910156,282.758117675781,9.25601768493652,59.9096183776855,246.673522949219,28.5744037628174,13.1244640350342,15.4499406814575,24.125524520874,19.7051887512207
33,"AMBIABE_AMBALAFASINA","AMBIABE","ANDRORANGAVOLA",21.4474468231201,24.1499938964844,18.1903266906738,2279.1884765625,410.158966064453,61.7854118347168,70.6764373779297,1172.49340820312,218.856369018555,1085.388671875,276.8349609375,9.32922077178955,59.8885307312012,247.941833496094,28.5731506347656,12.9954538345337,15.5776977539062,24.0965347290039,19.6653137207031
34,"ANDRORANGAVOLA_MAHASOA","ANDRORANGAVOLA","ANDRORANGAVOLA",22.3040904998779,24.9809513092041,19.1858921051025,2312.49780273438,402.118438720703,69.6817932128906,68.1268157958984,1186.71618652344,247.905990600586,1055.52795410156,303.824096679688,8.9280252456665,59.3951225280762,241.494415283203,29.2409381866455,14.2092876434326,15.0316495895386,24.9578475952148,20.4771919250488
35,"ANDRORANGAVOLA_AMBODIRORANGA","ANDRORANGAVOLA","ANDRORANGAVOLA",21.8333587646484,24.4878082275391,18.6525173187256,2307.81811523438,405.455993652344,65.7501220703125,68.6614303588867,1181.49194335938,234.893356323242,1066.5595703125,295.488006591797,9.22898006439209,59.9480094909668,243.249816894531,28.8215236663818,13.4265394210815,15.3949842453003,24.4586162567139,20.0604362487793
36,"IFANADIANA_ANTAFOTENINA","IFANADIANA","IFANADIANA",21.224946975708,23.9174842834473,17.957670211792,2391.72485351562,431.339782714844,58.9909896850586,71.1578903198242,1232.16577148438,219.300399780273,1146.044921875,291.852508544922,9.39810371398926,60.268970489502,248.565414428711,28.3402137756348,12.7465953826904,15.5936183929443,23.8606281280518,19.431978225708
37,"AMBOHIMIERA_TSINJORANO","AMBOHIMIERA","AMBOHIMIERA",20.0928344726562,22.7934856414795,16.6919536590576,2058.37353515625,382.392852783203,58.3752326965332,73.2967376708984,1042.10095214844,186.353591918945,1016.9951171875,217.878326416016,9.68637752532959,60.7554626464844,254.420288085938,27.285026550293,11.3422250747681,15.9427995681763,22.7109298706055,18.3261489868164
38,"AMBOHIMIERA_SAHASOMANGANA","AMBOHIMIERA","AMBOHIMIERA",19.1406154632568,21.8441181182861,15.7359838485718,1916.25183105469,353.159423828125,55.4550552368164,72.8226547241211,962.997863769531,176.149642944336,947.211791992188,200.480239868164,9.42932224273682,60.3588409423828,254.974639892578,26.2362995147705,10.6173105239868,15.618989944458,21.7946147918701,17.1092338562012
39,"AMBOHIMIERA_MAROFOTSY","AMBOHIMIERA","AMBOHIMIERA",19.7693138122559,22.4923076629639,16.3134899139404,1952.02954101562,367.421447753906,55.373664855957,74.9880218505859,993.763793945312,173.132110595703,976.492065429688,195.417022705078,9.79355907440186,60.6274337768555,258.016448974609,27.0734825134277,10.9201850891113,16.1532974243164,22.4164199829102,17.7935047149658
40,"MAROHARATRA_AMBINANINDRANO","MAROHARATRA","MAROHARATRA",20.7973003387451,23.5337390899658,17.4789619445801,2194.31030273438,384.314331054688,59.5377235412598,68.4790725708008,1068.56530761719,206.010131835938,1018.38592529297,271.113891601562,9.77534961700439,61.6598434448242,253.570541381836,28.2112579345703,12.3575096130371,15.8537492752075,23.4458103179932,18.9275741577148
41,"TSARATANANA_SAHOFIKA","TSARATANANA","TSARATANANA",21.3235015869141,24.0309925079346,18.0381164550781,2383.59375,436.443786621094,58.6370391845703,72.4685821533203,1236.2236328125,214.711700439453,1152.72045898438,280.735473632812,9.55701637268066,61.0261039733887,249.697662353516,28.4718284606934,12.8113718032837,15.6604557037354,23.9608783721924,19.5420913696289
42,"TSARATANANA_AMBOHITSARA I","TSARATANANA","TSARATANANA",21.1205081939697,23.8247203826904,17.8468494415283,2377.85498046875,428.845916748047,59.9628982543945,70.5223999023438,1212.82470703125,218.646072387695,1135.208984375,289.785552978516,9.4700813293457,60.8009834289551,249.296295166016,28.2736663818359,12.6982183456421,15.5754480361938,23.7616596221924,19.3150043487549
43,"TSARATANANA_ANDRORANGAVOLA VATOFOTSY","TSARATANANA","TSARATANANA",20.4260482788086,23.1282405853271,17.0860633850098,2149.19116210938,396.798187255859,56.4785995483398,72.7734451293945,1099.06750488281,191.579925537109,1055.06921386719,243.445358276367,9.650710105896,61.2373847961426,251.601654052734,27.5937843322754,11.8345737457275,15.7592115402222,23.0506381988525,18.6535797119141
44,"TSARATANANA_TSARATANANA","TSARATANANA","TSARATANANA",21.2973232269287,23.9701652526855,18.0089473724365,2353.212890625,431.823394775391,59.1121826171875,72.3045654296875,1216.88403320312,214.235504150391,1137.62524414062,278.389007568359,9.6756763458252,61.4569702148438,248.857299804688,28.4537601470947,12.7099075317383,15.7438526153564,23.9066638946533,19.5267581939697
45,"TSARATANANA_AMBODIGOAVY","TSARATANANA","TSARATANANA",21.3566036224365,24.0325145721436,18.0643062591553,2354.36572265625,433.507629394531,56.9470367431641,73.0008087158203,1225.46447753906,208.991912841797,1143.36840820312,275.945159912109,9.73292922973633,61.5571937561035,248.766616821289,28.5263843536377,12.7151718139648,15.8112134933472,23.9660968780518,19.6069812774658
46,"TSARATANANA_AMBODIMANGA OUEST","TSARATANANA","TSARATANANA",20.9572887420654,23.627592086792,17.6487598419189,2286.056640625,421.009857177734,58.7672462463379,72.4191665649414,1174.73840332031,206.01545715332,1110.88671875,263.547607421875,9.69200325012207,61.5120658874512,249.621612548828,28.1070785522461,12.3507108688354,15.7563695907593,23.5556964874268,19.1916790008545
47,"TSARATANANA_VOHITRARIVO","TSARATANANA","TSARATANANA",21.30419921875,23.9639110565186,18.0083236694336,2342.32568359375,432.083587646484,58.011589050293,72.6649703979492,1214.001953125,210.187652587891,1135.97985839844,274.464630126953,9.74327659606934,61.6329689025879,248.512573242188,28.4557628631592,12.6471529006958,15.8086109161377,23.8982219696045,19.5582237243652
48,"KELILALINA_AMPITAMBE","KELILALINA","KELILALINA",20.9808330535889,23.696310043335,17.6531047821045,2260.0546875,419.270721435547,55.4481620788574,73.8323135375977,1176.36938476562,197.03303527832,1113.70373535156,259.904846191406,9.69830322265625,61.0979309082031,251.421051025391,28.1983947753906,12.3249263763428,15.8734683990479,23.6106719970703,19.2155380249023
49,"KELILALINA_MANDRIVANY","KELILALINA","KELILALINA",20.8487911224365,23.5590972900391,17.4952621459961,2198.17065429688,410.528900146484,55.0241661071777,74.3753204345703,1143.55700683594,188.860137939453,1090.98303222656,246.671295166016,9.74835014343262,61.2078094482422,252.072875976562,28.0887203216553,12.1620483398438,15.9266738891602,23.4614543914795,19.0993347167969
50,"KELILALINA_AMBODIPAISO NORD","KELILALINA","KELILALINA",20.815637588501,23.5339412689209,17.4757976531982,2209.09301757812,408.604553222656,55.6403884887695,73.6852493286133,1143.53771972656,191.879058837891,1092.67236328125,249.859512329102,9.70063591003418,60.8818435668945,251.774703979492,28.0809478759766,12.1472787857056,15.9336709976196,23.4461326599121,19.0517883300781
51,"KELILALINA_AMBODIPAISO SUD","KELILALINA","KELILALINA",20.7188606262207,23.4281558990479,17.3962421417236,2191.1943359375,404.709869384766,56.5684700012207,73.3389053344727,1131.56005859375,194.302856445312,1082.19519042969,250.802001953125,9.64967823028564,60.8378601074219,250.830795288086,27.9461421966553,12.0847902297974,15.8613519668579,23.3480854034424,18.9479999542236
52,"KELILALINA_KELILALINA","KELILALINA","KELILALINA",20.6772384643555,23.3883533477783,17.3195056915283,2143.07446289062,399.185180664062,54.8500785827637,74.0815887451172,1109.68823242188,185.168930053711,1065.27807617188,238.831924438477,9.75383758544922,60.9734725952148,252.170028686523,27.9580478668213,11.9611597061157,15.9968881607056,23.2904624938965,18.9312591552734
53,"KELILALINA_ANDRANOMAINTY","KELILALINA","KELILALINA",20.7536773681641,23.4540367126465,17.4317569732666,2193.53833007812,405.919982910156,56.2392845153809,73.4598159790039,1134.79602050781,194.711761474609,1084.03649902344,252.860977172852,9.64223194122314,60.689884185791,250.595153808594,27.9898815155029,12.1020936965942,15.8877878189087,23.3753299713135,18.9874877929688
54,"KELILALINA_ANOSY","KELILALINA","KELILALINA",20.6553936004639,23.3564357757568,17.305944442749,2139.7841796875,398.067932128906,55.7459602355957,73.61279296875,1103.4609375,187.952606201172,1062.78479003906,238.030883789062,9.65121841430664,60.6223068237305,251.536529541016,27.8846607208252,11.9645776748657,15.9200820922852,23.2611026763916,18.9099197387695
55,"AMPASINAMBO_VOLOBE","AMPASINAMBO","FASINTSARA",19.107572555542,21.9016151428223,15.6438484191895,1907.31176757812,344.740875244141,53.5004844665527,73.4447250366211,939.852355957031,165.699478149414,935.48974609375,184.711395263672,9.98895263671875,61.642219543457,262.369781494141,26.6518573760986,10.4475355148315,16.2043209075928,21.846342086792,16.8779220581055
56,"FASINTSARA_TSARATANANA","FASINTSARA","FASINTSARA",20.5958995819092,23.3693313598633,17.1745433807373,2073.30102539062,377.587585449219,55.9533958435059,72.5748825073242,1036.28845214844,183.745086669922,1000.34881591797,226.524017333984,10.3299627304077,62.0026969909668,258.656799316406,28.2984561920166,11.637864112854,16.6605930328369,23.2519721984863,18.7790012359619
57,"FASINTSARA_TSARARIVOTRA","FASINTSARA","FASINTSARA",20.3558902740479,23.1361446380615,16.9355525970459,2057.54760742188,373.424102783203,55.8935432434082,72.3275527954102,1023.34100341797,182.603805541992,992.236755371094,224.706787109375,10.2651634216309,62.0893592834473,259.300872802734,28.0147895812988,11.4818487167358,16.5329399108887,23.0268440246582,18.5182075500488
58,"FASINTSARA_BEFOTAKA","FASINTSARA","FASINTSARA",20.5479621887207,23.3304347991943,17.1210899353027,2069.74145507812,378.531585693359,56.8421669006348,73.0089874267578,1036.33129882812,183.399154663086,1003.11883544922,223.814376831055,10.3015041351318,62.0213890075684,259.271514892578,28.2256183624268,11.6159725189209,16.6096458435059,23.2178421020508,18.7231578826904
59,"FASINTSARA_AMBOHITSARA","FASINTSARA","FASINTSARA",20.5514183044434,23.3151035308838,17.1609420776367,2112.11767578125,378.857604980469,56.8027725219727,71.2251281738281,1045.85595703125,190.297470092773,1005.59265136719,239.772918701172,10.1630277633667,61.9740676879883,257.515228271484,28.1572360992432,11.7583408355713,16.3988971710205,23.2103252410889,18.7151470184326
60,"FASINTSARA_FASINTSARA","FASINTSARA","FASINTSARA",20.3980522155762,23.1736602783203,16.9894542694092,2071.7529296875,374.883087158203,55.9596900939941,72.1721572875977,1029.14306640625,184.016967773438,995.492858886719,228.560165405273,10.2421894073486,62.0864067077637,258.5205078125,28.0530242919922,11.5563011169434,16.4967231750488,23.0639228820801,18.5608158111572
61,"KELILALINA_AMBOHINIHAONANA","KELILALINA","KELILALINA",21.069938659668,23.7840824127197,17.7542095184326,2295.67749023438,425.434539794922,56.5348777770996,73.5803680419922,1194.51171875,201.851745605469,1126.50341796875,265.713989257812,9.67927742004395,61.2957763671875,250.834991455078,28.2547149658203,12.4636173248291,15.7910957336426,23.7035102844238,19.3007164001465
62,"KELILALINA_KIANJANOMBY","KELILALINA","KELILALINA",20.6875915527344,23.4138946533203,17.3492431640625,2171.82006835938,404.625732421875,55.6075592041016,74.0687713623047,1125.41638183594,190.198760986328,1075.91857910156,244.121658325195,9.71637725830078,61.3392219543457,251.891708374023,27.9119720458984,12.0715055465698,15.84046459198,23.3178730010986,18.9248828887939
63,"AMBIABE_AMBINANINDRANOTELO","AMBIABE","IFANADIANA",21.0089912414551,23.7128238677979,17.7080821990967,2209.21630859375,401.599243164062,58.4162673950195,71.6703720092773,1134.90795898438,202.485336303711,1070.60119628906,258.939331054688,9.48096561431885,60.0724983215332,249.706466674805,28.197286605835,12.4148759841919,15.7824106216431,23.6452236175537,19.2455177307129
64,"AMBIABE_ANKABOKA","AMBIABE","IFANADIANA",20.985631942749,23.676399230957,17.6732330322266,2222.9541015625,407.512268066406,57.3482933044434,72.470100402832,1146.55151367188,201.052886962891,1086.8984375,257.835510253906,9.58355712890625,60.309871673584,249.945419311523,28.2238521575928,12.3332262039185,15.8906240463257,23.6058731079102,19.2217826843262
65,"AMBIABE_AMBIABE I","AMBIABE","IFANADIANA",21.2263889312744,23.9132614135742,17.9453296661377,2296.93359375,417.432952880859,57.9998931884766,71.8851013183594,1187.0771484375,209.526504516602,1109.64074707031,274.558135986328,9.47427558898926,60.2547760009766,248.402313232422,28.3902320861816,12.666449546814,15.7237825393677,23.8443489074707,19.4633369445801
66,"ANDRORANGAVOLA_ANIVORANO","ANDRORANGAVOLA","ANDRORANGAVOLA",22.1733074188232,24.8430080413818,19.0365467071533,2321.31762695312,400.809997558594,67.0192108154297,67.6125946044922,1184.97436523438,242.910888671875,1051.70092773438,307.945251464844,9.08918190002441,59.7314376831055,241.886489868164,29.1488628387451,13.9321594238281,15.216703414917,24.81321144104,20.3651523590088
67,"ANDRORANGAVOLA_LAVAKIANJA SUD","ANDRORANGAVOLA","ANDRORANGAVOLA",22.0842018127441,24.7508316040039,18.9100131988525,2262.4560546875,400.73828125,66.4427795410156,69.7077713012695,1167.37902832031,233.25537109375,1052.10473632812,281.383514404297,9.17925930023193,59.6806411743164,243.419052124023,29.0863914489746,13.7057571411133,15.380633354187,24.7111015319824,20.3133602142334
68,"ANDRORANGAVOLA_AMBODIARA NORD","ANDRORANGAVOLA","ANDRORANGAVOLA",21.2267417907715,23.9220714569092,18.0310306549072,2360.31005859375,408.789855957031,63.161075592041,67.4095230102539,1188.05444335938,231.610824584961,1089.61047363281,309.145141601562,9.02367401123047,59.406982421875,245.231292724609,28.2520732879639,13.0625658035278,15.1895093917847,23.8786468505859,19.3971862792969
69,"AMBIABE_SAHAVATANA","AMBIABE","KELILALINA",20.7610149383545,23.4650821685791,17.4088649749756,2133.4482421875,393.440307617188,56.3352432250977,72.587760925293,1096.19543457031,191.136611938477,1047.98132324219,244.336791992188,9.62100028991699,60.2657356262207,251.961654663086,28.0203552246094,12.0560665130615,15.9642887115479,23.3908863067627,19.0120449066162
70,"KELILALINA_AMBODIVOANGY","KELILALINA","KELILALINA",19.6760482788086,22.4034099578857,16.2901821136475,1979.5576171875,366.085784912109,54.982479095459,72.8848648071289,1000.70458984375,178.362319946289,980.709167480469,214.468673706055,9.56564235687256,60.8423271179199,254.351852416992,26.860387802124,11.1392850875854,15.7211046218872,22.3281135559082,17.8433933258057
71,"ANDRORANGAVOLA_AMPASIMPOTSY","ANDRORANGAVOLA","ANDRORANGAVOLA",21.3889045715332,24.0716972351074,18.1804599761963,2345.98876953125,410.938018798828,62.5964050292969,68.2241821289062,1188.55456542969,229.983840942383,1091.09790039062,302.709381103516,9.13084506988525,59.6183319091797,245.170333862305,28.4272708892822,13.1116952896118,15.3155755996704,24.0213489532471,19.5896148681641
72,"ANDRORANGAVOLA_AMBALATABAKA","ANDRORANGAVOLA","ANDRORANGAVOLA",22.1345195770264,24.7929611206055,18.9799098968506,2308.76196289062,398.838653564453,66.988655090332,67.7096252441406,1178.90014648438,243.303070068359,1048.66223144531,304.961730957031,9.19804954528809,59.7480506896973,242.491302490234,29.1465816497803,13.751838684082,15.3947410583496,24.7674198150635,20.342658996582
73,"ANDRORANGAVOLA_AMBOHIMISAFY","ANDRORANGAVOLA","ANDRORANGAVOLA",22.0407581329346,24.7019901275635,18.8781661987305,2293.20703125,400.92822265625,66.9812774658203,68.3669357299805,1174.27722167969,239.234161376953,1051.66137695312,296.291839599609,9.17930221557617,59.7172050476074,242.852447509766,29.0394287109375,13.6680793762207,15.3713483810425,24.6720809936523,20.25954246521
74,"TSARATANANA_AMBOHINIHAONANA","TSARATANANA","TSARATANANA",21.1115741729736,23.8104286193848,17.8376331329346,2350.33203125,424.526336669922,60.2764854431152,70.4168167114258,1195.09143066406,216.895462036133,1120.23071289062,286.902099609375,9.50722122192383,61.08837890625,249.183135986328,28.2538909912109,12.6907968521118,15.5630960464478,23.7449531555176,19.3010959625244
75,"TSARATANANA_AMBATOHARANANA","TSARATANANA","TSARATANANA",21.3749847412109,24.0815944671631,18.1311588287354,2404.39672851562,427.893157958984,62.0048408508301,69.6205673217773,1222.98571777344,226.017379760742,1132.97216796875,300.954833984375,9.36229705810547,60.7072601318359,247.972793579102,28.4911766052246,13.0691623687744,15.4220132827759,24.0195007324219,19.5461502075195
76,"TSARATANANA_SANDRAKELY","TSARATANANA","TSARATANANA",21.201904296875,23.883810043335,17.9098415374756,2325.90771484375,427.312286376953,59.3127021789551,72.135856628418,1197.28747558594,212.40299987793,1123.36083984375,275.585235595703,9.64910793304443,61.3658599853516,249.280014038086,28.3789081573486,12.654935836792,15.7239713668823,23.8119449615479,19.4181442260742
77,"TSARATANANA_AMBODIMANGA EST","TSARATANANA","TSARATANANA",21.345775604248,24.060474395752,18.0924339294434,2414.9423828125,434.017578125,60.5864906311035,70.7197494506836,1239.685546875,224.223495483398,1149.08068847656,296.436096191406,9.35628890991211,60.4776496887207,248.685043334961,28.468505859375,12.9979295730591,15.4705762863159,23.999719619751,19.5323944091797
78,"IFANADIANA_SAHAFITOROKA","IFANADIANA","IFANADIANA",21.4518775939941,24.1611862182617,18.2195014953613,2415.34448242188,432.434997558594,60.5690231323242,70.3144760131836,1241.15478515625,226.174240112305,1142.36950683594,300.641235351562,9.24961853027344,60.1040534973145,247.745910644531,28.5338878631592,13.1447734832764,15.3891153335571,24.1074390411377,19.6223545074463
79,"IFANADIANA_MAROMENA","IFANADIANA","IFANADIANA",21.3716659545898,24.0751953125,18.084831237793,2399.01977539062,440.862091064453,57.9143142700195,72.9529724121094,1249.98669433594,214.39372253418,1166.17016601562,284.81884765625,9.54724216461182,60.8047409057617,249.530899047852,28.5287666320801,12.8273639678955,15.7014007568359,24.0059585571289,19.5982055664062
80,"ANDRORANGAVOLA_AMBALAVAONA","ANDRORANGAVOLA","ANDRORANGAVOLA",21.830997467041,24.4988307952881,18.6257305145264,2278.02490234375,405.810699462891,64.0527420043945,70.0114440917969,1174.56774902344,226.941589355469,1068.2705078125,281.997619628906,9.2702522277832,59.9528274536133,244.568801879883,28.8681373596191,13.4054765701294,15.4626607894897,24.4583625793457,20.0646896362305
81,"ANDRORANGAVOLA_AMBOHIMAHAVELONA BETOHO","ANDRORANGAVOLA","ANDRORANGAVOLA",21.5006847381592,24.1899452209473,18.261474609375,2252.32543945312,403.115417480469,62.3695030212402,70.3989334106445,1157.8828125,218.304840087891,1069.69055175781,273.761810302734,9.30053234100342,59.9701843261719,246.62712097168,28.5824584960938,13.0738525390625,15.5086069107056,24.1336345672607,19.7271881103516
82,"ANDRORANGAVOLA_NOSIBE SUD","ANDRORANGAVOLA","ANDRORANGAVOLA",21.7960643768311,24.4675331115723,18.5819549560547,2306.7333984375,410.539123535156,64.1785659790039,69.9943618774414,1187.87255859375,228.875732421875,1082.91271972656,286.464324951172,9.26188373565674,59.9311637878418,244.971389770508,28.8530311584473,13.3987045288086,15.4543256759644,24.4205646514893,20.029125213623
83,"ANDRORANGAVOLA_MANDRIAPOTSY","ANDRORANGAVOLA","ANDRORANGAVOLA",21.9298248291016,24.5975570678711,18.7195529937744,2291.95825195312,406.700225830078,64.2768020629883,69.9021911621094,1181.61535644531,229.578872680664,1071.66918945312,283.514801025391,9.28134918212891,60.0295867919922,244.802307128906,28.9811019897461,13.5196704864502,15.4614324569702,24.552583694458,20.1648597717285
84,"TSARATANANA_ANTARALAVA","TSARATANANA","TSARATANANA",20.8646183013916,23.5380764007568,17.5430316925049,2243.41284179688,415.426147460938,56.4573783874512,73.1100616455078,1156.9306640625,197.689315795898,1098.96337890625,257.088806152344,9.74983215332031,61.5827026367188,249.857437133789,28.0358428955078,12.2038078308105,15.8320341110229,23.467887878418,19.1172180175781
85,"TSARATANANA_AMBOHIMITA","TSARATANANA","TSARATANANA",21.2077674865723,23.8786201477051,17.892333984375,2261.28979492188,419.89306640625,58.9562911987305,73.0624618530273,1166.32067871094,206.172912597656,1101.24584960938,258.790710449219,9.80123805999756,61.6094207763672,249.644866943359,28.4485454559326,12.5398359298706,15.9087104797363,23.7874145507812,19.4526596069336
86,"TSARATANANA_SANDRASATY","TSARATANANA","TSARATANANA",20.6934432983398,23.3979740142822,17.3505859375,2207.15014648438,400.955963134766,58.2125625610352,70.9416961669922,1111.61242675781,201.186859130859,1056.98950195312,255.778289794922,9.77485275268555,61.4333953857422,252.343231201172,27.9749202728271,12.0637702941895,15.9111499786377,23.3047962188721,18.9007225036621
87,"RANOMAFANA_RANOMAFANA","RANOMAFANA","RANOMAFANA",18.3438053131104,21.0957565307617,14.8483266830444,1684.01794433594,314.334686279297,48.1063499450684,75.0352172851562,861.085754394531,152.453262329102,859.433471679688,160.79573059082,9.26772785186768,59.3153533935547,259.973449707031,25.4391841888428,9.81510257720947,15.6240816116333,21.0837841033936,15.592134475708
88,"RANOMAFANA_AMBATOLAHY","RANOMAFANA","RANOMAFANA",18.0645656585693,20.8418083190918,14.5265684127808,1616.12426757812,305.327056884766,44.6302032470703,76.5501098632812,832.976867675781,142.623550415039,832.329040527344,148.522247314453,9.4507007598877,59.5818977355957,262.841583251953,25.2766361236572,9.41560935974121,15.8610258102417,20.837121963501,15.0699281692505
89,"RANOMAFANA_TSARAMANDROSO","RANOMAFANA","RANOMAFANA",19.2636032104492,21.9907855987549,15.8421592712402,1913.78662109375,356.348358154297,52.8384132385254,73.9984588623047,974.486022949219,170.486465454102,956.88232421875,198.297271728516,9.33685779571533,59.9653625488281,256.201629638672,26.3655376434326,10.7968950271606,15.5686435699463,21.9381809234619,17.1136035919189
90,"RANOMAFANA_VOHIMARINA","RANOMAFANA","RANOMAFANA",20.1974239349365,22.9035701751709,16.8079967498779,2025.6357421875,377.038208007812,55.7904357910156,73.5179138183594,1036.49597167969,180.052871704102,1009.96600341797,217.148345947266,9.29733657836914,59.4524002075195,253.719100952148,27.2726764678955,11.6347312927246,15.6379442214966,22.8321704864502,18.4256019592285
91,"MAROHARATRA_MALAZAMASINA SUD","MAROHARATRA","MAROHARATRA",21.798770904541,24.4717121124268,18.5485191345215,2330.00122070312,403.139892578125,64.8900909423828,66.655517578125,1145.57897949219,231.131500244141,1058.33435058594,305.41357421875,9.5830545425415,61.3914413452148,247.632354736328,28.9868564605713,13.3772716522217,15.6095867156982,24.3916015625,19.9834136962891
92,"MAROHARATRA_MALAZAMASINA NORD","MAROHARATRA","MAROHARATRA",19.2660655975342,22.0405540466309,15.8652973175049,2010.61694335938,353.576629638672,57.1983833312988,70.3262100219727,976.885375976562,183.081909179688,957.028198242188,220.910018920898,9.62589550018311,61.2720718383789,259.488433837891,26.6013793945312,10.8925180435181,15.7088594436646,21.979700088501,17.3130664825439
93,"MAROHARATRA_ANTANJOMANGA","MAROHARATRA","MAROHARATRA",20.6105422973633,23.3624801635742,17.2536640167236,2143.42114257812,378.102905273438,57.2471618652344,69.8782501220703,1050.95654296875,195.242538452148,1005.41058349609,258.153350830078,9.90022373199463,61.7200241088867,256.056976318359,28.1024799346924,12.0618591308594,16.040620803833,23.2648258209229,18.7419681549072
94,"MAROHARATRA_BETAMPONA NORD","MAROHARATRA","MAROHARATRA",20.6346321105957,23.387825012207,17.2784233093262,2139.70581054688,379.424865722656,57.016185760498,70.2908172607422,1052.98608398438,193.52214050293,1008.24670410156,253.424041748047,9.95686054229736,61.7391395568848,255.909530639648,28.1698951721191,12.0426082611084,16.1272869110107,23.2861480712891,18.773811340332
95,"AMBOHIMANGA DU SUD_MASOAROVANA","AMBOHIMANGA DU SUD","AMBOHIMANGA DU SUD",20.6991634368896,23.4199142456055,17.3211326599121,2141.81225585938,391.103546142578,57.5398330688477,71.9443969726562,1077.62878417969,192.574935913086,1032.251953125,238.28450012207,10.058744430542,61.6143608093262,254.221633911133,28.1515235900879,11.8260154724121,16.3255081176758,23.3064613342285,18.9379215240479
96,"AMBOHIMANGA DU SUD_AMBILANIBE","AMBOHIMANGA DU SUD","AMBOHIMANGA DU SUD",20.8154850006104,23.529972076416,17.4518508911133,2192.65991210938,397.389892578125,57.8892250061035,70.868896484375,1099.88195800781,200.120208740234,1044.73425292969,251.090148925781,9.93928050994873,61.6483917236328,253.631896972656,28.1995086669922,12.0770139694214,16.1224956512451,23.4233379364014,19.0342121124268
97,"KELILALINA_AMBALADINGANA","KELILALINA","KELILALINA",20.7899703979492,23.4943733215332,17.4445304870605,2160.69897460938,399.372741699219,56.6781005859375,72.9856262207031,1113.49157714844,194.670684814453,1065.34936523438,245.389144897461,9.61381053924561,60.3107986450195,251.68391418457,28.0407466888428,12.1003246307373,15.9404211044312,23.4156150817871,19.0389862060547
98,"AMBOHIMANGA DU SUD_AMBOHIMIRANTY","AMBOHIMANGA DU SUD","AMBOHIMANGA DU SUD",20.6883125305176,23.4462852478027,17.270565032959,2074.53955078125,385.567993164062,57.2239952087402,74.3769836425781,1053.50439453125,181.169250488281,1020.50030517578,215.029541015625,10.2051954269409,61.7803916931152,257.223358154297,28.2819900512695,11.763427734375,16.5185604095459,23.3265342712402,18.9111309051514
99,"FASINTSARA_ANDRANOMAINTSO","FASINTSARA","FASINTSARA",20.4847927093506,23.2133598327637,17.1343154907227,2167.236328125,384.39453125,58.950382232666,69.4267501831055,1068.85803222656,199.798202514648,1020.53991699219,255.21044921875,9.78232192993164,61.5667762756348,254.174179077148,27.8214569091797,11.9324407577515,15.8890180587769,23.1247310638428,18.6489219665527
100,"AMPASINAMBO_FIADANANA NORD","AMPASINAMBO","FASINTSARA",18.0532169342041,20.8535938262939,14.5827989578247,1833.49658203125,326.393035888672,51.031421661377,73.0715560913086,902.813537597656,159.805023193359,901.345642089844,173.397048950195,9.53453063964844,60.9485321044922,263.919067382812,25.3419017791748,9.69918060302734,15.6427211761475,20.8363742828369,15.2044916152954
101,"MAROHARATRA_MAROHARATRA","MAROHARATRA","MAROHARATRA",20.6405773162842,23.3700370788574,17.3063793182373,2174.71044921875,380.49755859375,59.1222343444824,68.592399597168,1060.21862792969,202.982299804688,1011.83209228516,268.070068359375,9.80456256866455,61.6369819641113,254.011093139648,28.0535755157471,12.1465587615967,15.9070158004761,23.2792720794678,18.782642364502
102,"ANTSINDRA_KIANJAVATO","ANTSINDRA","ANTSINDRA",20.6708641052246,23.3737812042236,17.3582420349121,2209.58520507812,392.092010498047,58.2604484558105,68.9721298217773,1093.91662597656,202.015289306641,1035.83813476562,269.274719238281,9.65362071990967,61.4656791687012,251.524795532227,27.9241313934326,12.2184343338013,15.70569896698,23.293249130249,18.8409156799316
103,"ANTSINDRA_AMBATOVORY","ANTSINDRA","ANTSINDRA",21.9657363891602,24.6214618682861,18.7244701385498,2310.759765625,412.014770507812,64.1386566162109,69.2677917480469,1168.67199707031,225.210571289062,1074.17712402344,290.921508789062,9.59821701049805,61.4361686706543,246.283706665039,29.1380882263184,13.5149936676025,15.6230974197388,24.543607711792,20.1841659545898
104,"ANTSINDRA_ANTSINDRA","ANTSINDRA","ANTSINDRA",21.1140193939209,23.79421043396,17.8281955718994,2274.33422851562,406.510528564453,59.7448463439941,69.3554077148438,1139.63940429688,212.20671081543,1067.86633300781,279.564514160156,9.55922603607178,61.2960052490234,249.415634155273,28.3004169464111,12.7051753997803,15.5952405929565,23.7171249389648,19.3160285949707
105,"ANTSINDRA_BEFOTAKA","ANTSINDRA","ANTSINDRA",21.9875469207764,24.6646003723145,18.7564373016357,2359.18383789062,417.225952148438,67.4517517089844,68.1345748901367,1184.32629394531,237.298721313477,1088.39135742188,300.293701171875,9.47793292999268,61.2242584228516,246.494247436523,29.1208114624023,13.6401233673096,15.4806890487671,24.5821132659912,20.1760711669922
106,"ANTSINDRA_AMPITABE","ANTSINDRA","ANTSINDRA",22.7249813079834,25.3760833740234,19.5440673828125,2324.79248046875,411.097381591797,70.5000381469727,69.070556640625,1189.56652832031,247.031402587891,1072.01440429688,294.393432617188,9.3481502532959,61.1342163085938,243.079544067383,29.7233371734619,14.4321088790894,15.2912292480469,25.3089637756348,20.9456405639648
107,"AMBOHIMANGA DU SUD_MANDROALINA","AMBOHIMANGA DU SUD","AMBOHIMANGA DU SUD",20.4867610931396,23.2459983825684,17.0763607025146,2085.19970703125,383.045166015625,57.429141998291,73.1667556762695,1048.74572753906,182.594100952148,1016.31512451172,220.65071105957,10.1427459716797,61.7460441589355,257.198455810547,28.0539989471436,11.6273622512817,16.4266357421875,23.1255493164062,18.6919651031494
108,"AMBOHIMANGA DU SUD_MORARANO","AMBOHIMANGA DU SUD","AMBOHIMANGA DU SUD",20.4153118133545,23.1626834869385,17.0183010101318,2103.55883789062,384.190704345703,58.200611114502,72.3808898925781,1053.33093261719,186.970977783203,1019.09936523438,226.032836914062,10.095721244812,61.7755699157715,256.427886962891,27.9462738037109,11.6036195755005,16.3426532745361,23.0444087982178,18.615140914917
109,"AMBOHIMANGA DU SUD_AMBOHIMANGA SUD","AMBOHIMANGA DU SUD","AMBOHIMANGA DU SUD",20.764461517334,23.48805809021,17.3601779937744,2103.66162109375,391.172027587891,57.2717323303223,74.0598526000977,1070.87976074219,186.65364074707,1031.92639160156,221.990539550781,10.1701889038086,61.7430458068848,255.46875,28.2995433807373,11.8276929855347,16.4718494415283,23.3761501312256,19.013843536377
110,"AMBOHIMANGA DU SUD_SAHAMARANA","AMBOHIMANGA DU SUD","AMBOHIMANGA DU SUD",20.642578125,23.3686923980713,17.2549304962158,2125.6376953125,389.178863525391,57.6010971069336,72.4167251586914,1070.68176269531,190.232025146484,1028.23498535156,232.265823364258,10.0933170318604,61.8092727661133,255.034576416016,28.1197471618652,11.7899780273438,16.3297691345215,23.2561454772949,18.8752593994141
111,"AMBOHIMANGA DU SUD_AMBODIMANGA NORD","AMBOHIMANGA DU SUD","AMBOHIMANGA DU SUD",20.6676216125488,23.441915512085,17.2553997039795,2056.72875976562,381.464904785156,56.2404594421387,74.2598495483398,1040.41711425781,179.573699951172,1008.68041992188,215.755889892578,10.2804841995239,61.954288482666,257.768585205078,28.3291969299316,11.7354898452759,16.5937061309814,23.3147640228271,18.8694534301758
112,"AMBOHIMANGA DU SUD_VOHITRARIVO","AMBOHIMANGA DU SUD","AMBOHIMANGA DU SUD",20.6674404144287,23.441219329834,17.2510471343994,2074.7568359375,382.961608886719,55.7940063476562,73.7633438110352,1045.92126464844,182.056213378906,1012.19091796875,221.494415283203,10.270562171936,61.8135414123535,258.279754638672,28.3405532836914,11.7250900268555,16.6154632568359,23.3285961151123,18.8610134124756
113,"ANALAMPASINA_AMBOHIMALAZA","ANALAMPASINA","ANALAMPASINA",20.7399063110352,23.4938716888428,17.309850692749,2050.71044921875,384.462554931641,56.6826019287109,75.3068161010742,1049.84045410156,177.822326660156,1016.99365234375,209.654281616211,10.2780752182007,61.7189407348633,257.505157470703,28.3694171905518,11.7162704467773,16.653148651123,23.37087059021,18.9821395874023
114,"ANALAMPASINA_MANJIRIANA SUD","ANALAMPASINA","ANALAMPASINA",20.3686981201172,23.1058692932129,16.9143257141113,1985.17700195312,374.475555419922,54.9284362792969,75.9159317016602,1016.27893066406,168.946960449219,991.436218261719,196.93798828125,10.1639127731323,61.4266128540039,258.000457763672,27.9090785980225,11.362645149231,16.5464344024658,22.9860153198242,18.6246929168701
115,"FASINTSARA_ANTENIMBELONA","FASINTSARA","FASINTSARA",20.4795360565186,23.2444381713867,17.0969257354736,2094.97680664062,376.475769042969,55.6799507141113,71.6666259765625,1037.09411621094,186.576187133789,1001.67291259766,236.652221679688,10.1348209381104,62.0728225708008,257.150848388672,28.0888996124268,11.761528968811,16.3273696899414,23.1305561065674,18.6269683837891
116,"FASINTSARA_AMBOHINIHAONANA","FASINTSARA","FASINTSARA",20.5106201171875,23.2819442749023,17.1190090179443,2096.98413085938,378.415374755859,56.1802253723145,71.9219970703125,1040.3046875,187.400482177734,1004.89233398438,235.506652832031,10.1843700408936,62.1086006164551,257.740753173828,28.1350879669189,11.7374114990234,16.3976783752441,23.1709403991699,18.666955947876
117,"FASINTSARA_MAROVORAKA","FASINTSARA","FASINTSARA",20.4706840515137,23.245246887207,17.0529155731201,2061.31860351562,373.376129150391,55.0953979492188,72.355827331543,1026.92260742188,181.737518310547,992.119079589844,227.269226074219,10.3149127960205,62.1348266601562,258.855682373047,28.1415634155273,11.5405864715576,16.6009769439697,23.1394214630127,18.6468334197998
118,"FASINTSARA_AMBATOMANJAKA","FASINTSARA","FASINTSARA",20.5276298522949,23.2906818389893,17.1362915039062,2119.80053710938,381.606781005859,56.8587875366211,71.1468124389648,1049.3359375,190.746627807617,1010.91461181641,240.728515625,10.1175661087036,61.8390960693359,257.407745361328,28.1075401306152,11.7463617324829,16.3611793518066,23.1900100708008,18.6929950714111
119,"FASINTSARA_TSARAKIANJA","FASINTSARA","FASINTSARA",20.583251953125,23.3569412231445,17.1722507476807,2096.57934570312,382.733612060547,56.5161247253418,72.5435180664062,1047.85461425781,187.253875732422,1012.31982421875,230.086380004883,10.2170057296753,61.8236083984375,258.269714355469,28.2317371368408,11.7056198120117,16.5261154174805,23.2469215393066,18.761251449585
120,"AMBOHIMIERA_AMBOLO","AMBOHIMIERA","AMBOHIMIERA",19.49853515625,22.2362670898438,16.0206890106201,1856.79541015625,350.987182617188,50.5532035827637,76.6044158935547,949.603698730469,157.062622070312,936.493591308594,174.109909057617,10.1147451400757,61.4297370910645,259.546264648438,26.9987602233887,10.5332908630371,16.4654712677002,22.1743583679199,17.2685890197754
121,"AMBOHIMIERA_AMBINANITOMAROSANA","AMBOHIMIERA","AMBOHIMIERA",19.7482662200928,22.4850063323975,16.280574798584,1914.71691894531,359.263793945312,53.4996948242188,75.4947509765625,970.956848144531,165.708709716797,958.012939453125,184.909698486328,10.0971384048462,61.357982635498,258.964904785156,27.2269172668457,10.7709436416626,16.4559745788574,22.4013042449951,17.7404975891113
122,"AMBOHIMIERA_AMBOHIDAZA","AMBOHIMIERA","AMBOHIMIERA",17.9230041503906,20.691011428833,14.3560981750488,1621.77685546875,308.439636230469,42.8585319519043,77.5478897094727,830.17724609375,135.00407409668,829.892333984375,139.729156494141,9.91493034362793,60.6825256347656,264.797424316406,25.3411521911621,9.00342750549316,16.3377246856689,20.6853313446045,14.7483406066895
123,"AMBOHIMIERA_AMPANTSONA","AMBOHIMIERA","AMBOHIMIERA",17.4501438140869,20.2261085510254,13.8563508987427,1535.314453125,294.685699462891,39.7813339233398,78.621826171875,794.335327148438,125.177391052246,794.335327148438,127.495170593262,10.0025281906128,60.9128341674805,265.769226074219,24.9497852325439,8.53012657165527,16.4196586608887,20.2261085510254,14.1792325973511
124,"AMBOHIMIERA_AMBOHIMILANJA","AMBOHIMIERA","AMBOHIMIERA",17.9057865142822,20.6735343933105,14.3684663772583,1637.46655273438,307.539886474609,45.8813438415527,76.0907669067383,833.322143554688,144.072052001953,833.216674804688,149.34245300293,9.56498622894287,60.0194091796875,263.139221191406,25.168436050415,9.23525714874268,15.933177947998,20.6720275878906,14.928201675415
125,"AMBOHIMIERA_AMBOHIMAHAVELONA","AMBOHIMIERA","AMBOHIMIERA",20.3971881866455,23.1199817657471,16.9693374633789,2036.70495605469,379.390197753906,56.613410949707,74.232048034668,1035.41833496094,178.627136230469,1006.13189697266,210.623489379883,10.208176612854,61.638355255127,256.367401123047,27.9430103302002,11.3816061019897,16.5614051818848,23.0014495849609,18.6510124206543
126,"AMPASINAMBO_MORARANO","AMPASINAMBO","FASINTSARA",18.1352100372314,20.9229927062988,14.687029838562,1865.21020507812,329.602142333984,53.0656814575195,71.9274139404297,911.399353027344,166.561065673828,908.291015625,183.846542358398,9.50387573242188,60.9511299133301,262.538513183594,25.4177227020264,9.82616424560547,15.5915575027466,20.9039096832275,15.5570182800293
127,"AMPASINAMBO_AMPASIMBOLA I","AMPASINAMBO","FASINTSARA",20.241491317749,22.9863338470459,16.8510494232178,2071.2802734375,372.103454589844,56.9200401306152,71.7159729003906,1020.22595214844,183.355133056641,991.368774414062,227.044906616211,9.97568798065186,61.9286804199219,257.298095703125,27.7480163574219,11.6396741867065,16.1083431243896,22.8844299316406,18.3830509185791
128,"AMPASINAMBO_SAKAVANANA","AMPASINAMBO","FASINTSARA",20.2560901641846,23.0140132904053,16.8549995422363,2061.77856445312,371.146331787109,56.6991653442383,72.03759765625,1017.73931884766,182.746490478516,990.855041503906,225.228637695312,10.1052837371826,62.0780792236328,258.000427246094,27.8392162322998,11.5608367919922,16.278377532959,22.90553855896,18.3987445831299
129,"AMPASINAMBO_AMBODIARA NORD","AMPASINAMBO","FASINTSARA",18.9562854766846,21.743350982666,15.5272665023804,1941.35717773438,344.0322265625,56.6393928527832,71.3055648803711,943.706298828125,174.939682006836,935.646728515625,201.744384765625,9.84141445159912,61.6880836486816,261.085296630859,26.413990020752,10.4608488082886,15.9531412124634,21.6788673400879,17.0271778106689
130,"AMBOHIMANGA DU SUD_MAROSATROKA","AMBOHIMANGA DU SUD","AMBOHIMANGA DU SUD",20.6692390441895,23.3869514465332,17.3042221069336,2178.58520507812,395.957427978516,58.597972869873,71.2830429077148,1096.60961914062,198.33935546875,1044.62890625,248.956954956055,9.87583065032959,61.4499015808105,253.975067138672,28.0405979156494,11.9691781997681,16.0714206695557,23.2835865020752,18.8781242370605
131,"AMBOHIMANGA DU SUD_ANDRORANGAVOLA NORD","AMBOHIMANGA DU SUD","AMBOHIMANGA DU SUD",20.6662216186523,23.4339962005615,17.2521438598633,2058.50146484375,382.474243164062,57.1110534667969,74.3538284301758,1043.03942871094,178.714569091797,1011.59460449219,212.477447509766,10.2485990524292,61.9682426452637,257.556762695312,28.2825889587402,11.7441215515137,16.5384674072266,23.3070964813232,18.8773365020752
132,"ANTARETRA_AMBINANIVATOMENA","ANTARETRA","ANTARETRA",23.0873069763184,25.7428016662598,19.9662532806396,2242.81640625,399.764343261719,72.016960144043,71.7353668212891,1185.11999511719,245.809997558594,1039.34362792969,275.296813964844,9.0303201675415,60.276180267334,241.116012573242,29.9928607940674,15.0112199783325,14.9816408157349,25.6988639831543,21.1014575958252
133,"ANTARETRA_AMBODIARA I","ANTARETRA","ANTARETRA",22.1952953338623,24.8918972015381,19.0207862854004,2349.03344726562,416.781585693359,65.7342758178711,70.4258499145508,1218.84338378906,236.988922119141,1095.71069335938,292.890319824219,9.05287742614746,59.9683837890625,244.786483764648,29.1796455383301,14.0834321975708,15.0962142944336,24.8392925262451,20.3427696228027
134,"ANTARETRA_MORAFENO","ANTARETRA","ANTARETRA",22.1024761199951,24.795825958252,18.9220504760742,2361.54907226562,420.475769042969,63.3304252624512,70.4515991210938,1227.06457519531,234.555465698242,1101.16687011719,295.720458984375,9.09397888183594,59.7891807556152,244.970169067383,29.1223621368408,13.9121475219727,15.2102136611938,24.7529411315918,20.2627696990967
135,"ANTARETRA_BETAMPONA","ANTARETRA","ANTARETRA",22.3838005065918,25.0659980773926,19.2245273590088,2328.80249023438,413.578430175781,65.9453811645508,70.5826187133789,1214.18664550781,237.485702514648,1081.21533203125,290.625762939453,9.04288005828857,59.8684120178223,243.655090332031,29.358829498291,14.2541799545288,15.1046495437622,25.0214958190918,20.5434093475342
136,"ANTARETRA_ANDRANOMAITSO","ANTARETRA","ANTARETRA",21.9502544403076,24.6385650634766,18.7752075195312,2366.27172851562,418.431488037109,64.263557434082,69.8920059204102,1222.96020507812,234.796798706055,1101.26977539062,300.208892822266,9.04358768463135,59.6813888549805,244.755264282227,28.9492988586426,13.7960634231567,15.1532335281372,24.6046981811523,20.1003532409668
137,"ANTARETRA_ANTARETRA","ANTARETRA","ANTARETRA",22.2037906646729,24.882303237915,19.0626926422119,2343.3798828125,411.501403808594,68.4896545410156,69.5126876831055,1212.80883789062,244.111297607422,1085.23889160156,300.223663330078,8.93556022644043,59.4753684997559,242.942428588867,29.1179695129395,14.0939321517944,15.0240383148193,24.8607158660889,20.3548488616943
138,"IFANADIANA_IFANADIANA","IFANADIANA","IFANADIANA",21.2968082427979,23.9891185760498,18.0264167785645,2403.67651367188,436.006225585938,58.4543037414551,71.7797927856445,1244.11596679688,218.285079956055,1157.04760742188,291.684295654297,9.46967506408691,60.5417060852051,248.578475952148,28.4326210021973,12.7909727096558,15.6416463851929,23.9302291870117,19.5180492401123
139,"IFANADIANA_ANDRANOFOLAHINA","IFANADIANA","IFANADIANA",20.8942413330078,23.5970401763916,17.5780239105225,2251.3408203125,413.985687255859,56.5571556091309,72.9616394042969,1162.8115234375,199.199356079102,1105.23168945312,260.247650146484,9.64962673187256,60.9316177368164,250.409790039062,28.1016616821289,12.2647895812988,15.8368721008301,23.5191192626953,19.1275367736816
140,"IFANADIANA_AMBORAKA","IFANADIANA","IFANADIANA",21.0767765045166,23.7683563232422,17.7819538116455,2321.45776367188,424.16455078125,57.113826751709,72.4006271362305,1201.513671875,208.190887451172,1128.65734863281,275.579010009766,9.54661560058594,60.6082305908203,249.408798217773,28.2511882781982,12.4998111724854,15.7513780593872,23.7014465332031,19.3082656860352
141,"IFANADIANA_AMBODIRAFIA II","IFANADIANA","IFANADIANA",21.0026245117188,23.7190628051758,17.752965927124,2369.62353515625,421.544708251953,59.9254913330078,69.4714584350586,1203.90441894531,221.106262207031,1121.51647949219,296.418640136719,9.16052722930908,59.6410636901855,248.753326416016,28.0790576934814,12.7200202941895,15.3590393066406,23.6670341491699,19.1561794281006
142,"IFANADIANA_FENOARIVO I","IFANADIANA","IFANADIANA",21.3375053405762,24.0320816040039,18.0926780700684,2341.87548828125,417.839416503906,61.4090385437012,70.2686614990234,1200.50524902344,221.434143066406,1110.97106933594,288.890930175781,9.21487045288086,59.7535285949707,247.450424194336,28.4031105041504,12.9816722869873,15.4214382171631,23.9788780212402,19.5435314178467
143,"AMBOHIMIERA_AMBOHIMIERA","AMBOHIMIERA","AMBOHIMIERA",18.8547172546387,21.5937175750732,15.3839845657349,1839.029296875,341.574401855469,53.3784523010254,73.8752212524414,923.69580078125,166.575225830078,916.260986328125,182.372009277344,9.47249698638916,59.9266738891602,259.142150878906,26.015157699585,10.2093591690063,15.8057975769043,21.5514163970947,16.669584274292
144,"AMBOHIMIERA_MAROMANANA","AMBOHIMIERA","AMBOHIMIERA",20.164737701416,22.885498046875,16.6973075866699,1925.13208007812,367.531951904297,51.9620552062988,77.3789443969727,991.364807128906,160.63996887207,973.395812988281,180.906051635742,10.1797800064087,61.5335273742676,258.232452392578,27.6933917999268,11.1498556137085,16.5435352325439,22.7795696258545,18.3721580505371
145,"MAROHARATRA_TANAMBAO OUEST","MAROHARATRA","MAROHARATRA",20.7786769866943,23.5163803100586,17.4264507293701,2160.80200195312,382.789611816406,57.2529716491699,70.0640716552734,1065.57934570312,197.254364013672,1015.86676025391,259.31591796875,9.95097255706787,61.7343673706055,255.079818725586,28.2765636444092,12.1574726104736,16.1190910339355,23.4177722930908,18.9386005401611
146,"RANOMAFANA_MENARANO","RANOMAFANA","RANOMAFANA",20.1021938323975,22.8156185150146,16.6952037811279,2000.21411132812,377.111267089844,55.0678405761719,74.8421173095703,1027.77795410156,174.206344604492,1007.30450439453,209.393798828125,9.3629035949707,59.603702545166,254.569244384766,27.1870517730713,11.4787435531616,15.7083082199097,22.7300262451172,18.3631553649902
147,"RANOMAFANA_AMBODIAVIAVY","RANOMAFANA","RANOMAFANA",20.4866714477539,23.1995811462402,17.0969676971436,2094.54248046875,393.552612304688,55.1242790222168,74.3199005126953,1080.13732910156,181.448303222656,1045.29528808594,227.030960083008,9.62302398681641,60.3087310791016,253.728469848633,27.7262077331543,11.770055770874,15.9561500549316,23.1062793731689,18.7584781646729
148,"RANOMAFANA_AMPASIMPOTSY","RANOMAFANA","RANOMAFANA",20.2817516326904,22.9888744354248,16.8999042510986,2046.85412597656,382.571655273438,54.7693023681641,74.0652236938477,1052.00305175781,179.502395629883,1022.76007080078,222.175308227539,9.50238990783691,60.0827331542969,253.211868286133,27.4619960784912,11.6471395492554,15.8148574829102,22.9020175933838,18.536262512207
149,"RANOMAFANA_SAHANDRAZANA","RANOMAFANA","RANOMAFANA",20.6764316558838,23.3918647766113,17.3022365570068,2077.15161132812,388.531402587891,56.4441184997559,73.9500961303711,1072.80432128906,184.063278198242,1034.97485351562,227.033340454102,9.48971843719482,59.8966293334961,253.196334838867,27.8411350250244,11.9976348876953,15.8435010910034,23.3045272827148,18.9393634796143
150,"MAROHARATRA_SAHOMBY","MAROHARATRA","MAROHARATRA",20.889835357666,23.6097545623779,17.5682792663574,2203.03149414062,389.033935546875,59.9998435974121,69.1489410400391,1088.689453125,206.541839599609,1030.18957519531,266.495513916016,9.73272514343262,61.4878578186035,252.651672363281,28.2048473358154,12.3762187957764,15.8286275863647,23.527042388916,19.059944152832
151,"MAROHARATRA_AMBODIMANGA","MAROHARATRA","MAROHARATRA",21.8247337341309,24.5033988952637,18.5691165924072,2325.96313476562,400.242645263672,64.50048828125,66.2198791503906,1133.63659667969,232.661071777344,1049.03381347656,308.296112060547,9.71589851379395,61.738941192627,248.175506591797,29.1140441894531,13.376974105835,15.7370691299438,24.4235153198242,20.0044097900391
152,"MAROHARATRA_AMPASIMADINIKA","MAROHARATRA","MAROHARATRA",21.6935997009277,24.3767013549805,18.4226493835449,2267.1298828125,397.158050537109,63.0699424743652,68.1981353759766,1120.6201171875,218.55924987793,1043.55395507812,287.716888427734,9.69289970397949,61.7033042907715,248.99690246582,28.9745502471924,13.2655754089355,15.7089767456055,24.2956428527832,19.8778266906738
153,"ANALAMPASINA_AMBARO","ANALAMPASINA","ANALAMPASINA",19.584810256958,22.3306713104248,16.0932731628418,1868.12866210938,352.527008056641,50.451229095459,76.7373123168945,952.277648925781,156.448181152344,941.933166503906,170.67170715332,10.1461153030396,61.4224739074707,260.455017089844,27.1297798156738,10.6116857528687,16.5180931091309,22.2575531005859,17.3195838928223
154,"ANALAMPASINA_ANDRORANGAVOLA SUD","ANALAMPASINA","ANALAMPASINA",20.2110347747803,22.9527645111084,16.7636203765869,1955.44030761719,367.273834228516,54.3495674133301,76.080436706543,997.301025390625,166.793716430664,976.830688476562,188.621994018555,10.1662549972534,61.4966125488281,258.197784423828,27.7587471008301,11.2273330688477,16.5314140319824,22.8393688201904,18.4169406890869
155,"ANALAMPASINA_ANALAMPASINA","ANALAMPASINA","ANALAMPASINA",20.6244297027588,23.3805770874023,17.1977348327637,2015.2998046875,378.341064453125,55.773006439209,75.7564392089844,1029.47155761719,172.457626342773,1001.86999511719,200.109802246094,10.3106851577759,61.9446563720703,257.566253662109,28.2674236297607,11.6224718093872,16.6449508666992,23.25168800354,18.8620624542236
156,"AMBOHIMANGA DU SUD_AMBODIARA","AMBOHIMANGA DU SUD","AMBOHIMANGA DU SUD",20.5922050476074,23.3203811645508,17.1940612792969,2089.2880859375,385.968566894531,56.8299903869629,73.3364639282227,1058.59655761719,185.301712036133,1020.39349365234,223.98551940918,10.1691741943359,61.7247886657715,255.390869140625,28.11572265625,11.6405639648438,16.4751586914062,23.2032032012939,18.8317794799805
157,"MAROTOKO_MAROTOKO","MAROTOKO","MAROTOKO",22.1881008148193,24.8530941009521,19.0786743164062,2310.91137695312,395.178283691406,69.2595672607422,66.4182510375977,1169.31433105469,246.291778564453,1060.36865234375,309.073638916016,8.95840930938721,59.3020629882812,240.960678100586,29.1286087036133,14.0222320556641,15.1063776016235,24.8346633911133,20.3748550415039
158,"MAROTOKO_AMBALAVIA","MAROTOKO","MAROTOKO",21.8770198822021,24.554162979126,18.6665172576904,2242.50463867188,401.5126953125,63.8339195251465,70.7153396606445,1161.71154785156,222.908508300781,1057.94409179688,272.704376220703,9.26588821411133,59.8712310791016,244.99885559082,28.9278030395508,13.4514007568359,15.4764013290405,24.5031566619873,20.1108665466309
159,"MAROTOKO_AMBATOMITRATRAKA","MAROTOKO","MAROTOKO",21.6364269256592,24.3201217651367,18.4180469512939,2207.7548828125,390.597076416016,62.9776191711426,69.4096145629883,1129.28259277344,217.962585449219,1035.1552734375,271.735229492188,9.23226165771484,59.6821022033691,245.490386962891,28.7179756164551,13.2488126754761,15.4691638946533,24.2674312591553,19.8717727661133
160,"MAROTOKO_AMBARIJATSY","MAROTOKO","MAROTOKO",21.977954864502,24.6596813201904,18.7868633270264,2236.09057617188,396.862945556641,65.0881500244141,70.0320663452148,1154.10302734375,227.04069519043,1046.25354003906,275.203430175781,9.19317245483398,59.6048698425293,244.592041015625,29.0265979766846,13.6029863357544,15.4236106872559,24.6081066131592,20.2064876556396
161,"MAROTOKO_AMBOHIMAHAVELONA","MAROTOKO","MAROTOKO",22.1796035766602,24.8533000946045,18.9993381500244,2225.10571289062,392.720916748047,65.8103713989258,69.8306427001953,1148.7919921875,228.2919921875,1034.10754394531,274.544586181641,9.25060653686523,59.7754554748535,243.87028503418,29.2256565093994,13.7500829696655,15.4755725860596,24.8103866577148,20.411153793335
162,"IFANADIANA_AMBODIARA","IFANADIANA","IFANADIANA",21.2348880767822,23.9299240112305,17.973991394043,2341.41552734375,419.963317871094,59.847785949707,70.81982421875,1203.11987304688,217.759902954102,1117.55493164062,286.719146728516,9.28847789764404,59.9570617675781,248.10075378418,28.3185787200928,12.8270788192749,15.4914989471436,23.8707695007324,19.4421367645264
163,"TSARATANANA_ANALAMARINA","TSARATANANA","TSARATANANA",21.0387477874756,23.7304649353027,17.726505279541,2278.84350585938,415.258728027344,59.458366394043,71.2387390136719,1159.07690429688,209.714370727539,1092.7783203125,268.544952392578,9.68875885009766,61.3799018859863,250.45068359375,28.2503128051758,12.4655838012695,15.7847290039062,23.6449279785156,19.2525177001953
164,"TSARATANANA_AMBALAFATAKANA EST","TSARATANANA","TSARATANANA",22.6558475494385,25.3072986602783,19.4672393798828,2313.73364257812,410.629119873047,68.0445022583008,69.7073135375977,1189.78234863281,238.913146972656,1072.67260742188,292.848876953125,9.39299583435059,61.1483154296875,243.299926757812,29.6813640594482,14.3202590942383,15.36110496521,25.2396030426025,20.8816051483154
165,"TSARATANANA_AMBALAFARY","TSARATANANA","TSARATANANA",22.6586570739746,25.3009300231934,19.5017242431641,2323.61865234375,412.117706298828,69.5870819091797,69.6076583862305,1197.17211914062,243.225799560547,1074.95642089844,293.79150390625,9.28059005737305,61.1404838562012,241.823608398438,29.6257419586182,14.4465074539185,15.1792345046997,25.248929977417,20.8650074005127
166,"TSARATANANA_MAROFOTOTRA","TSARATANANA","TSARATANANA",21.2672519683838,23.9643821716309,17.9961833953857,2319.99487304688,416.205902099609,60.7164573669434,69.771842956543,1173.33569335938,216.978561401367,1095.71984863281,286.010345458984,9.45127582550049,61.0095329284668,248.907318115234,28.382396697998,12.8909215927124,15.4914751052856,23.8862609863281,19.4515800476074
167,"TSARATANANA_AMBOHIMASINA","TSARATANANA","TSARATANANA",21.89280128479,24.5708541870117,18.682596206665,2372.8369140625,422.432281494141,64.4697494506836,69.4633407592773,1209.85522460938,231.233383178711,1108.4921875,298.879211425781,9.39544868469238,61.1100730895996,245.588485717773,28.9810829162598,13.6063947677612,15.3746881484985,24.5105667114258,20.0753688812256
168,"TSARATANANA_BEFARY","TSARATANANA","TSARATANANA",22.3975067138672,25.0461254119873,19.2430305480957,2352.68603515625,413.257202148438,68.3844604492188,69.0099411010742,1207.06433105469,242.27326965332,1083.322265625,300.025482177734,9.16654586791992,60.8091468811035,242.450485229492,29.326301574707,14.2518711090088,15.0744314193726,25.003885269165,20.576847076416
169,"TSARATANANA_AMBATOHARANANAKELY","TSARATANANA","TSARATANANA",22.1018390655518,24.7846126556396,18.9299125671387,2356.177734375,415.726379394531,67.045768737793,69.6604995727539,1211.72155761719,238.471923828125,1095.72583007812,295.724548339844,9.08181667327881,60.3058166503906,244.41455078125,29.0642604827881,14.0043821334839,15.0598793029785,24.735466003418,20.2459735870361
170,"TSARATANANA_AMBOHIPO","TSARATANANA","TSARATANANA",20.435604095459,23.111795425415,17.0954093933105,2172.51684570312,398.663330078125,57.5824737548828,71.8258743286133,1103.71862792969,196.672058105469,1057.43762207031,248.265747070312,9.63746452331543,61.2450904846191,251.12483215332,27.5624656677246,11.8270359039307,15.7354297637939,23.0454578399658,18.6733856201172
171,"AMBOHIMANGA DU SUD_SOANIHERENANA NORD","AMBOHIMANGA DU SUD","AMBOHIMANGA DU SUD",20.6204013824463,23.3947334289551,17.2094173431396,2079.99267578125,383.759674072266,56.7801666259766,73.4803009033203,1047.26989746094,182.53515625,1013.05450439453,223.201080322266,10.2050123214722,61.7707290649414,257.899932861328,28.2478713989258,11.7270202636719,16.5208530426025,23.2760162353516,18.8124675750732
172,"AMBOHIMANGA DU SUD_AMBALAVARY","AMBOHIMANGA DU SUD","AMBOHIMANGA DU SUD",20.448844909668,23.2157020568848,17.0438365936279,2081.29833984375,380.539916992188,57.6558609008789,72.792594909668,1043.59155273438,183.32453918457,1010.25036621094,223.217514038086,10.1434850692749,61.7484359741211,257.540374755859,28.0286407470703,11.6014499664307,16.4271907806396,23.0998287200928,18.6368160247803
173,"AMBOHIMIERA_AMBOHIMAHATSINJO","AMBOHIMIERA","AMBOHIMIERA",19.8945693969727,22.6270523071289,16.4251518249512,1950.16259765625,367.326904296875,54.9931488037109,75.3640441894531,993.550537109375,169.255844116211,975.912170410156,191.41081237793,9.95280838012695,60.9541130065918,258.869964599609,27.3022575378418,10.9742193222046,16.3280391693115,22.5377254486084,17.9527168273926
174,"AMBOHIMIERA_FIADANANA NORD","AMBOHIMIERA","AMBOHIMIERA",20.4171619415283,23.1283836364746,17.0095558166504,2082.29150390625,386.51611328125,57.8828964233398,73.6541900634766,1057.197265625,186.069000244141,1023.51947021484,221.590759277344,10.0864667892456,61.6472549438477,255.513046264648,27.8764972686768,11.5148668289185,16.3616313934326,23.0209712982178,18.6530132293701
175,"AMBOHIMIERA_AMBODIMANGA","AMBOHIMIERA","AMBOHIMIERA",20.4373111724854,23.1394901275635,17.0521602630615,2123.58276367188,389.802459716797,57.4557838439941,72.1727142333984,1072.49963378906,191.386917114258,1028.94250488281,236.559265136719,9.96654224395752,61.58349609375,254.423278808594,27.8205375671387,11.6367292404175,16.1838073730469,23.0415916442871,18.6594753265381
176,"AMBOHIMIERA_FALIARIVO","AMBOHIMIERA","AMBOHIMIERA",20.5060634613037,23.2061786651611,17.1197891235352,2129.35913085938,392.792083740234,58.3193397521973,72.7714157104492,1079.02600097656,191.989547729492,1039.21520996094,233.346740722656,9.97726249694824,61.6079978942871,254.315872192383,27.8938827514648,11.6990575790405,16.19482421875,23.1091213226318,18.7317485809326
177,"AMBOHIMANGA DU SUD_FASINTSARA ANDAKANA","AMBOHIMANGA DU SUD","AMBOHIMANGA DU SUD",20.6304817199707,23.3788776397705,17.2420444488525,2133.49829101562,387.854919433594,58.2805862426758,71.8568267822266,1067.02941894531,191.022537231445,1025.37744140625,237.671356201172,10.0601186752319,61.6753158569336,256.177947998047,28.147632598877,11.8361864089966,16.3114471435547,23.2693119049072,18.8209266662598
178,"AMBOHIMANGA DU SUD_NOSIMBOAHANGY","AMBOHIMANGA DU SUD","AMBOHIMANGA DU SUD",20.6335678100586,23.3621044158936,17.260684967041,2173.97583007812,392.228332519531,58.0102043151855,70.7602081298828,1084.72546386719,197.24919128418,1034.76281738281,246.498275756836,9.94382953643799,61.7396812438965,254.692291259766,28.038610458374,11.9324893951416,16.1061210632324,23.2584114074707,18.8288173675537
179,"AMBOHIMANGA DU SUD_AMBALAHERANA","AMBOHIMANGA DU SUD","AMBOHIMANGA DU SUD",20.532844543457,23.264684677124,17.1522064208984,2142.53759765625,388.874359130859,58.1901359558105,71.5383224487305,1071.55834960938,192.338165283203,1028.56274414062,237.27507019043,10.0236949920654,61.9120559692383,255.175354003906,27.9802150726318,11.7899265289307,16.1902885437012,23.1580753326416,18.7345066070557
180,"MAROHARATRA_AMPASIMADINIKAKELY","MAROHARATRA","MAROHARATRA",20.2465419769287,22.9979019165039,16.8814067840576,2128.421875,375.999847412109,57.4301071166992,69.5442352294922,1041.96545410156,193.736999511719,1004.10949707031,249.960678100586,9.85699272155762,61.5873527526855,256.182250976562,27.677734375,11.6730661392212,16.0046710968018,22.9103546142578,18.3823680877686
181,"MAROHARATRA_AMBALAVOLO","MAROHARATRA","MAROHARATRA",21.7239780426025,24.41721534729,18.4510250091553,2297.8203125,397.488189697266,62.6040458679199,66.8691635131836,1121.27551269531,224.502792358398,1041.92248535156,301.125152587891,9.75854206085205,61.793342590332,249.457794189453,29.0495452880859,13.2572469711304,15.7922992706299,24.3355560302734,19.9011402130127
182,"MAROHARATRA_AMBOHITSARA EST","MAROHARATRA","MAROHARATRA",21.8941173553467,24.5645656585693,18.649694442749,2327.37451171875,403.034881591797,65.8139953613281,66.7484283447266,1142.22265625,232.879913330078,1056.39001464844,304.3603515625,9.61143112182617,61.5259323120117,247.289520263672,29.126916885376,13.5050487518311,15.6218690872192,24.4797916412354,20.0766353607178
183,"MAROHARATRA_ANIVORANO","MAROHARATRA","MAROHARATRA",21.4658718109131,24.1517734527588,18.2165832519531,2355.31274414062,401.221069335938,65.9706878662109,65.0993347167969,1135.77099609375,238.319030761719,1057.21276855469,315.739685058594,9.54551982879639,61.3705520629883,248.409255981445,28.686637878418,13.1327438354492,15.5538949966431,24.0726642608643,19.6162662506104
184,"MAROHARATRA_MAHATSARA","MAROHARATRA","MAROHARATRA",21.521800994873,24.2137203216553,18.238676071167,2259.2861328125,395.646301269531,61.3530960083008,68.1110992431641,1117.60241699219,215.816253662109,1040.65563964844,286.691101074219,9.66383838653564,61.477123260498,249.737152099609,28.7730445861816,13.0535430908203,15.7195014953613,24.1365375518799,19.7096138000488
185,"ANALAMPASINA_BETAMPO NORD","ANALAMPASINA","ANALAMPASINA",19.136999130249,21.8799133300781,15.6550807952881,1825.88659667969,342.375518798828,49.6534385681152,76.3097839355469,924.8203125,153.896896362305,917.753295898438,164.884033203125,10.0731658935547,61.4117240905762,260.234466552734,26.6064071655273,10.2038793563843,16.4025268554688,21.8336181640625,16.6459636688232
186,"ANALAMPASINA_AMBOHIMIARINA","ANALAMPASINA","ANALAMPASINA",20.5816745758057,23.3143138885498,17.1521968841553,2047.90283203125,383.281707763672,56.3313598632812,74.7479095458984,1045.43603515625,178.044296264648,1013.19488525391,211.677230834961,10.2632522583008,61.6987648010254,256.731781005859,28.1674213409424,11.5328998565674,16.634521484375,23.1929206848145,18.8375625610352
187,"ANALAMPASINA_MATSITSIRANO","ANALAMPASINA","ANALAMPASINA",20.1720333099365,22.9149284362793,16.7341060638428,1949.78234863281,366.168121337891,53.3860626220703,76.0718994140625,990.624633789062,165.754730224609,971.312927246094,187.771820068359,10.4008169174194,62.2978591918945,258.157012939453,27.810474395752,11.1158542633057,16.6946220397949,22.8140430450439,18.1842365264893
188,"KELILALINA_FOTSIALANANA","KELILALINA","KELILALINA",20.7671527862549,23.4673252105713,17.4301776885986,2176.99853515625,402.835205078125,56.2139320373535,73.0606842041016,1123.53564453125,193.711090087891,1072.56188964844,248.296447753906,9.64118480682373,60.4928932189941,251.268768310547,28.0183410644531,12.0806427001953,15.9376983642578,23.3813915252686,19.0157470703125
189,"ANTARETRA_AMBODIROTRA","ANTARETRA","ANTARETRA",21.3298015594482,24.040153503418,18.1303062438965,2385.95483398438,417.649200439453,63.7974395751953,68.3287734985352,1209.23522949219,232.397872924805,1110.21044921875,308.183868408203,8.99782943725586,59.3677368164062,246.439376831055,28.3424110412598,13.1862354278564,15.1561765670776,24.0018463134766,19.4617042541504
190,"ANTARETRA_ANDONABE","ANTARETRA","ANTARETRA",21.6149291992188,24.308256149292,18.4583282470703,2377.68872070312,413.557281494141,67.1748504638672,68.1808242797852,1209.51965332031,240.778259277344,1097.26098632812,311.460388183594,8.90880298614502,59.324634552002,244.125762939453,28.5571308135986,13.5400524139404,15.0170764923096,24.2781295776367,19.7451324462891
191,"ANTARETRA_AMPASIMBE","ANTARETRA","ANTARETRA",21.9807395935059,24.6670589447021,18.8523025512695,2334.01416015625,406.333374023438,69.3890533447266,68.0071411132812,1191.80810546875,246.528930664062,1066.62121582031,305.879211425781,8.83575344085693,59.203239440918,242.553085327148,28.8971691131592,13.9726533889771,14.9245176315308,24.6452751159668,20.1250076293945
192,"ANTARETRA_AMBOATROTROKA","ANTARETRA","ANTARETRA",21.6511325836182,24.3483810424805,18.4993324279785,2361.826171875,410.921600341797,66.4127502441406,68.1731414794922,1202.49548339844,239.566162109375,1088.34265136719,309.977355957031,8.88823509216309,59.267391204834,243.927642822266,28.5998916625977,13.6029567718506,14.9969339370728,24.3158226013184,19.7858810424805
193,"AMBOHIMANGA DU SUD_MAROLANANANA","AMBOHIMANGA DU SUD","AMBOHIMANGA DU SUD",20.7172069549561,23.4846229553223,17.3029460906982,2035.05725097656,378.948852539062,55.7115745544434,74.976203918457,1034.36303710938,176.481140136719,1002.82165527344,209.463943481445,10.3837671279907,62.2273101806641,257.726593017578,28.39475440979,11.7078990936279,16.6868553161621,23.3576984405518,18.9290752410889
194,"ANTSINDRA_AMPITOMITA","ANTSINDRA","ANTSINDRA",21.8039836883545,24.4768505096436,18.5586166381836,2323.04736328125,415.004913330078,63.7207794189453,69.5243225097656,1178.15234375,225.211013793945,1085.69665527344,289.869232177734,9.50890827178955,61.2733497619629,247.05158996582,28.9393138885498,13.4204864501953,15.5188293457031,24.3981533050537,20.0074157714844
195,"ANTSINDRA_ANIVORANO","ANTSINDRA","ANTSINDRA",20.5524597167969,23.2677688598633,17.2037124633789,2188.5341796875,391.563903808594,57.8085823059082,69.7536239624023,1085.95825195312,200.885223388672,1035.31384277344,256.438201904297,9.7456521987915,61.4670829772949,253.275024414062,27.849178314209,11.9941215515137,15.8550577163696,23.1764888763428,18.7383060455322
